{
    "posts": [
        {
            "id": "1",
            "title": "json-server",
            "author": "typicode"
        },
        {
            "id": "2",
            "title": "json-serverrrr",
            "author": "typicodeeeee"
        }
    ],
    "users":[
        {
            "id":"1",
            "userName":"koushik",
            "age":22,
            "email":"mk@mk.com"
        },
        {
            "id":"2",
            "userName":"ram",
            "age":22,
            "email":"mk@mk.com"
        }

    ]
}